circRNA Name,Disease Name,MeSH
hsa_circ_0008305,Intervertebral disc degeneration,Intervertebral Disc Degeneration
hsa_circ_0003204,Atherosclerosis,Atherosclerosis
hsa_circ_0001445,Prostate cancer,Prostatic Neoplasms
hsa_circ_0001445,Glioblastoma,Glioblastoma
hsa_circ_0001445,Hepatocellular carcinoma,"Carcinoma, Hepatocellular"
hsa_circ_0001982,Breast cancer,Breast Neoplasms
hsa_circ_0003028,Liver cancer,Liver Neoplasms
hsa_circ_0007915,Liver cancer,Liver Neoplasms
hsa_circ_0001785,Breast cancer,Breast Neoplasms
hsa_circ_0092509,Osteosarcoma,Osteosarcoma
hsa_circ_0007874,Hepatocellular carcinoma,"Carcinoma, Hepatocellular"
hsa_circ_0005239,Triple negative breast cancer,Triple Negative Breast Neoplasms
hsa_circ_0004214,Breast cancer,Breast Neoplasms
hsa_circ_0004214,Glioma,Glioma
hsa_circ_0004214,Cervical cancer,Uterine Cervical Neoplasms
hsa_circ_0004214,Lung cancer,Lung Neoplasms
hsa_circ_0002024,Bladder cancer,Urinary Bladder Neoplasms
hsa_circ_0091822,Cervical cancer,Uterine Cervical Neoplasms
hsa_circ_0006528,Breast cancer,Breast Neoplasms
hsa_circ_0001667,Breast cancer,Breast Neoplasms
hsa_circ_0071410,Hepatic fibrosis,Liver Cirrhosis
hsa_circ_0070963,Hepatic fibrosis,Liver Cirrhosis
hsa_circ_0000517,Multiple sclerosis,Multiple Sclerosis
hsa_circ_0000144,Gastric cancer,Stomach Neoplasms
hsa_circ_0032821,Gastric cancer,Stomach Neoplasms
hsa_circ_0081146,Gastric cancer,Stomach Neoplasms
hsa_circ_0005986,Hepatocellular carcinoma,"Carcinoma, Hepatocellular"
hsa_circ_0036722,Hypopharyngeal squamous cell carcinoma,Squamous Cell Carcinoma of Head and Neck
hsa_circ_0004771,Breast cancer,Breast Neoplasms
hsa_circ_0008717,Breast cancer,Breast Neoplasms
hsa_circ_0001721,Breast cancer,Breast Neoplasms
hsa_circ_0056288,Osteosarcoma,Osteosarcoma
hsa_circ_0007031,Colorectal cancer,Colorectal Neoplasms
hsa_circ_0089548,Gastric cancer,Stomach Neoplasms
hsa_circ_0000096,Clear cell renal cell carcinoma,"Carcinoma, Renal Cell"
hsa_circ_0006404,Senescence,Aging
hsa_circ_0001895,Gastric cancer,Stomach Neoplasms
hsa_circ_0001727,Hepatocellular carcinoma,"Carcinoma, Hepatocellular"
hsa_circ_0004018,Hepatocellular carcinoma,"Carcinoma, Hepatocellular"
hsa_circ_0000190,Gastric cancer,Stomach Neoplasms
hsa_circ_0031288,Cervical carcinoma,Uterine Cervical Neoplasms
hsa_circ_0004277,Acute myeloid leukemia,"Leukemia, Myeloid, Acute"
hsa_circ_0004458,Papillary thyroid carcinoma,"Thyroid Cancer, Papillary"
hsa_circ_0015278,Papillary thyroid carcinoma,"Thyroid Cancer, Papillary"
hsa_circ_0004771,Papillary thyroid carcinoma,"Thyroid Cancer, Papillary"
hsa_circ_0004846,Papillary thyroid carcinoma,"Thyroid Cancer, Papillary"
hsa_circ_0054633,Type 2 diabetes mellitus,"Diabetes Mellitus, Type 2"
hsa_circ_0000096,Gastric cancer,Stomach Neoplasms
hsa_circ_0001649,Gastric cancer,Stomach Neoplasms
hsa_circ_0000615,Hirschsprung disease,Hirschsprung Disease
hsa_circ_0005785,Pancreatic ductal adenocarcinoma,"Carcinoma, Pancreatic Ductal"
hsa_circ_0001946,Pancreatic ductal adenocarcinoma,"Carcinoma, Pancreatic Ductal"
hsa_circ_0005397,Pancreatic ductal adenocarcinoma,"Carcinoma, Pancreatic Ductal"
hsa_circ_0067934,Esophageal squamous cell carcinoma,Esophageal Squamous Cell Carcinoma
hsa_circ_0070934,Cutaneous squamous cell carcinoma,"Carcinoma, Squamous Cell"
hsa_circ_0001955,Cutaneous squamous cell carcinoma,"Carcinoma, Squamous Cell"
hsa_circ_0000284,Preeclampsia,Pre-Eclampsia
hsa_circ_0041103,Bladder carcinoma,Urinary Bladder Neoplasms
hsa_circ_0007158,Bladder carcinoma,Urinary Bladder Neoplasms
hsa_circ_0072088,Bladder carcinoma,Urinary Bladder Neoplasms
hsa_circ_0005273,Bladder carcinoma,Urinary Bladder Neoplasms
hsa_circ_0000554,Esophageal cancer,Esophageal Neoplasms
hsa_circ_0000677,Colorectal cancer,Colorectal Neoplasms
hsa_circ_0023404,Osteoarthritis,Osteoarthritis
hsa_circ_0023028,Laryngeal squamous cell carcinoma,Squamous Cell Carcinoma of Head and Neck
hsa_circ_0001649,Hepatocellular carcinoma,"Carcinoma, Hepatocellular"
hsa_circ_0001451,Colorectal cancer,Colorectal Neoplasms
hsa_circ_0080145,Chronic myeloid leukemia,"Leukemia, Myelogenous, Chronic, BCR-ABL Positive"
hsa_circ_0008068,Oral squamous cell carcinoma,Squamous Cell Carcinoma of Head and Neck
hsa_circ_0008792,Oral squamous cell carcinoma,Squamous Cell Carcinoma of Head and Neck
hsa_circ_0000284,Bladder urothelial carcinoma,Urinary Bladder Neoplasms
hsa_circ_0000284,Breast cancer,Breast Neoplasms
hsa_circ_0000284,Colorectal cancer,Colorectal Neoplasms
hsa_circ_0000284,Hepatocellular carcinoma,"Carcinoma, Hepatocellular"
hsa_circ_0000284,Gastric cancer,Stomach Neoplasms
hsa_circ_0000284,Clear cell renal cell carcinoma,"Carcinoma, Renal Cell"
hsa_circ_0000284,Prostate adenocarcinoma,Prostatic Hyperplasia
hsa_circ_0088483,Thyroid cancer,Thyroid Neoplasms
hsa_circ_0005015,Diabetic retinopathy,Diabetic Retinopathy
hsa_circ_0000615,Diabetic retinopathy,Diabetic Retinopathy
hsa_circ_0081108,Diabetic retinopathy,Diabetic Retinopathy
hsa_circ_0001417,Tuberculosis,Tuberculosis
hsa_circ_0000199,Glioblastoma,Glioblastoma
hsa_circ_0015756,Hepatoblastoma,Hepatoblastoma
hsa_circ_0000673,Ovarian endometriosis,Endometriosis
hsa_circ_0001649,Glioma,Glioma
hsa_circ_0007534,Non-small cell lung cancer,"Carcinoma, Non-Small-Cell Lung"
hsa_circ_0001649,Pancreatic ductal adenocarcinoma,"Carcinoma, Pancreatic Ductal"
hsa_circ_0000254,Acute myeloid leukemia,"Leukemia, Myeloid, Acute"
hsa_circ_0009035,Type 2 diabetes mellitus,"Diabetes Mellitus, Type 2"
hsa_circ_0081001,Osteosarcoma,Osteosarcoma
hsa_circ_0005909,Osteosarcoma,Osteosarcoma
hsa_circ_0001445,Laryngeal squamous cell carcinoma,Squamous Cell Carcinoma of Head and Neck
hsa_circ_0007534,Breast cancer,Breast Neoplasms
hsa_circ_0034642,Glioblastoma,Glioblastoma
hsa_circ_0000177,Glioma,Glioma
hsa_circ_0077232,Glioblastoma,Glioblastoma
hsa_circ_0006215,Pancreatic cancer,Pancreatic Neoplasms
hsa_circ_0000673,Hepatocellular carcinoma,"Carcinoma, Hepatocellular"
hsa_circ_0000231,Age-related cataract,Cataract
hsa_circ_0005035,Age-related cataract,Cataract
hsa_circ_0004058,Age-related cataract,Cataract
hsa_circ_0000977,Pancreatic ductal adenocarcinoma,"Carcinoma, Pancreatic Ductal"
hsa_circ_0006220,Pancreatic ductal adenocarcinoma,"Carcinoma, Pancreatic Ductal"
hsa_circ_0001666,Pancreatic ductal adenocarcinoma,"Carcinoma, Pancreatic Ductal"
hsa_circ_0043278,Pancreatic ductal adenocarcinoma,"Carcinoma, Pancreatic Ductal"
hsa_circ_0006427,Primary great saphenous vein varicosities,Varicose Veins
hsa_circ_0067934,Non-small cell lung cancer,"Carcinoma, Non-Small-Cell Lung"
hsa_circ_0007385,Non-small cell lung cancer,"Carcinoma, Non-Small-Cell Lung"
hsa_circ_0046701,Glioma,Glioma
hsa_circ_0003159,Gastric cancer,Stomach Neoplasms
hsa_circ_0002577,Endometrial cancer,Endometrial Neoplasms
hsa_circ_0001649,Cholangiocarcinoma,Cholangiocarcinoma
hsa_circ_0001859,Rheumatoid arthritis,"Arthritis, Rheumatoid"
hsa_circ_0003258,Infantile hemangioma,Hemangioma
hsa_circ_0051239,Infantile hemangioma,Hemangioma
hsa_circ_0000567,Colorectal cancer,Colorectal Neoplasms
hsa_circ_0001564,Osteosarcoma,Osteosarcoma
hsa_circ_0074362,Gastric cancer,Stomach Neoplasms
hsa_circ_0007534,Colorectal cancer,Colorectal Neoplasms
hsa_circ_0014130,Non-small cell lung cancer,"Carcinoma, Non-Small-Cell Lung"
hsa_circ_0016760,Non-small cell lung cancer,"Carcinoma, Non-Small-Cell Lung"
hsa_circ_0000615,Lupus nephritis,Lupus Nephritis
hsa_circ_0067934,Hepatocellular carcinoma,"Carcinoma, Hepatocellular"
hsa_circ_0067934,Lung adenocarcinoma,Adenocarcinoma of Lung
hsa_circ_0009910,Osteosarcoma,Osteosarcoma
hsa_circ_0007534,Breast cancer,Breast Neoplasms
hsa_circ_0072995,Breast cancer,Breast Neoplasms
hsa_circ_0002052,Osteosarcoma,Osteosarcoma
hsa_circ_0007534,Osteosarcoma,Osteosarcoma
hsa_circ_0014130,Non-small cell lung cancer,"Carcinoma, Non-Small-Cell Lung"
hsa_circ_0102722,Bladder cancer,Urinary Bladder Neoplasms
hsa_circ_0008039,Breast cancer,Breast Neoplasms
hsa_circ_0018069,Breast cancer,Breast Neoplasms
hsa_circ_0001649,Non-small cell lung cancer,"Carcinoma, Non-Small-Cell Lung"
hsa_circ_0010090,Hepatocellular carcinoma,"Carcinoma, Hepatocellular"
hsa_circ_0000488,Acute myeloid leukemia,"Leukemia, Myeloid, Acute"
hsa_circ_0002623,Bladder cancer,Urinary Bladder Neoplasms
hsa_circ_0000677,Hepatocellular carcinoma,"Carcinoma, Hepatocellular"
hsa_circ_0000144,Bladder cancer,Urinary Bladder Neoplasms
hsa_circ_0103809,Hepatocellular carcinoma,"Carcinoma, Hepatocellular"
hsa_circ_0092340,Osteosarcoma,Osteosarcoma
hsa_circ_0007534,Glioma,Glioma
hsa_circ_0000677,Osteosarcoma,Osteosarcoma
hsa_circ_0000615,Diabetic retinopathy,Diabetic Retinopathy
hsa_circ_0000615,Hypertension,Hypertension
hsa_circ_0000615,Coronary artery disease,Coronary Artery Disease
hsa_circ_0000615,Vascular endothelial dysfunction,"Endothelium, Vascular"
hsa_circ_0001346,Lung adenocarcinoma,Adenocarcinoma of Lung
hsa_circ_0001649,Glioma,Glioma
hsa_circ_0084927,Acne,Acne Vulgaris
hsa_circ_0001073,Acne,Acne Vulgaris
hsa_circ_0000426,Clear cell renal cell carcinoma,"Carcinoma, Renal Cell"
hsa_circ_0001649,Colorectal cancer,Colorectal Neoplasms
hsa_circ_0091702,Intervertebral disc degeneration,Intervertebral Disc Degeneration
hsa_circ_0000284,Gallbladder cancer,Gallbladder Neoplasms
hsa_circ_0000284,Gastric cancer,Stomach Neoplasms
hsa_circ_0000284,Colorectal cancer,Colorectal Neoplasms
hsa_circ_0000284,Hepatocellular carcinoma,"Carcinoma, Hepatocellular"
hsa_circ_0000284,Diabetes mellitus,Diabetes Mellitus
hsa_circ_0000284,Bladder cancer,Urinary Bladder Neoplasms
hsa_circ_0000284,Non-small cell lung cancer,"Carcinoma, Non-Small-Cell Lung"
hsa_circ_0000707,Chronic lymphocytic leukemia,"Leukemia, Lymphocytic, Chronic, B-Cell"
hsa_circ_0072088,Papillary thyroid carcinoma,"Thyroid Cancer, Papillary"
hsa_circ_0015278,Lung cancer,Lung Neoplasms
hsa_circ_0000907,Breast cancer,Breast Neoplasms
hsa_circ_0001649,Retinoblastoma,Retinoblastoma
hsa_circ_0000799,Bladder cancer,Urinary Bladder Neoplasms
hsa_circ_0023404,Non-small cell lung cancer,"Carcinoma, Non-Small-Cell Lung"
hsa_circ_0023404,Cervical cancer,Uterine Cervical Neoplasms
hsa_circ_0080210,Intervertebral disc degeneration,Intervertebral Disc Degeneration
hsa_circ_0001821,Gastric cancer,Stomach Neoplasms
hsa_circ_0001821,Osteosarcoma,Osteosarcoma
hsa_circ_0001821,Lung cancer,Lung Neoplasms
hsa_circ_0001821,Breast cancer,Breast Neoplasms
hsa_circ_0001946,Esophageal squamous cell carcinoma,Esophageal Squamous Cell Carcinoma
hsa_circ_0001946,Laryngeal squamous cell carcinoma,Squamous Cell Carcinoma of Head and Neck
hsa_circ_0001946,Esophageal squamous cell carcinoma,Esophageal Squamous Cell Carcinoma
hsa_circ_0001946,Non-small cell lung cancer,"Carcinoma, Non-Small-Cell Lung"
hsa_circ_0001946,Colorectal cancer,Colorectal Neoplasms
hsa_circ_0001946,Hepatocellular carcinoma,"Carcinoma, Hepatocellular"
hsa_circ_0001946,Colorectal cancer,Colorectal Neoplasms
hsa_circ_0001946,Hepatocellular carcinoma,"Carcinoma, Hepatocellular"
hsa_circ_0001946,Alzheimer's disease,Alzheimer Disease
hsa_circ_0001946,Hepatocellular carcinoma,"Carcinoma, Hepatocellular"
hsa_circ_0001946,Glioblastoma,Glioblastoma
hsa_circ_0001946,Alzheimer's disease,Alzheimer Disease
hsa_circ_0001946,Alzheimer's disease,Alzheimer Disease
hsa_circ_0001946,Alzheimer's disease,Alzheimer Disease
hsa_circ_0001946,Gastric cancer,Stomach Neoplasms
hsa_circ_0001946,Triple negative breast cancer,Triple Negative Breast Neoplasms
hsa_circ_0006990,Colorectal cancer,Colorectal Neoplasms
hsa_circ_0001627,Papillary thyroid carcinoma,"Thyroid Cancer, Papillary"
hsa_circ_0000567,Hepatocellular carcinoma,"Carcinoma, Hepatocellular"
hsa_circ_0005394,Hepatocellular carcinoma,"Carcinoma, Hepatocellular"
hsa_circ_0006916,Hepatocellular carcinoma,"Carcinoma, Hepatocellular"
hsa_circ_0004058,Hepatocellular carcinoma,"Carcinoma, Hepatocellular"
hsa_circ_0002360,Lung adenocarcinoma,Adenocarcinoma of Lung
hsa_circ_0006220,Breast cancer,Breast Neoplasms
hsa_circ_0043278,Breast cancer,Breast Neoplasms
hsa_circ_0001681,Papillary thyroid carcinoma,"Thyroid Cancer, Papillary"
hsa_circ_0067934,Thyroid carcinoma,Thyroid Neoplasms
hsa_circ_0072309,Breast cancer,Breast Neoplasms
hsa_circ_0007255,Triple negative breast cancer,Triple Negative Breast Neoplasms
hsa_circ_0000190,Multiple myeloma,Multiple Myeloma
hsa_circ_0000267,Hepatocellular carcinoma,"Carcinoma, Hepatocellular"
hsa_circ_0004771,Gastric cancer,Stomach Neoplasms
hsa_circ_0004771,Hepatocellular carcinoma,"Carcinoma, Hepatocellular"
hsa_circ_0025033,Papillary thyroid carcinoma,"Thyroid Cancer, Papillary"
hsa_circ_0067997,Gastric cancer,Stomach Neoplasms
hsa_circ_0059655,Salivary adenoid cystic carcinoma,Salivary Gland Neoplasms
hsa_circ_0001859,Breast cancer,Breast Neoplasms
hsa_circ_0001859,Breast cancer,Breast Neoplasms
hsa_circ_0011385,Non-small cell lung cancer,"Carcinoma, Non-Small-Cell Lung"
hsa_circ_0001946,Glioblastoma,Glioblastoma
hsa_circ_0067934,Esophageal squamous cell carcinoma,Esophageal Squamous Cell Carcinoma
hsa_circ_0089105,Breast cancer,Breast Neoplasms
hsa_circ_0001313,Colon cancer,Colonic Neoplasms
hsa_circ_0058514,Triple negative breast cancer,Triple Negative Breast Neoplasms
hsa_circ_0009910,Acute myeloid leukemia,"Leukemia, Myeloid, Acute"
hsa_circ_0002211,Colorectal cancer,Colorectal Neoplasms
hsa_circ_0006916,Colorectal cancer,Colorectal Neoplasms
hsa_circ_0000372,Colorectal cancer,Colorectal Neoplasms
hsa_circ_0006990,Colorectal cancer,Colorectal Neoplasms
hsa_circ_0000263,Cervical cancer,Uterine Cervical Neoplasms
hsa_circ_0008717,Osteosarcoma,Osteosarcoma
hsa_circ_0099999,Pancreatic cancer,Pancreatic Neoplasms
hsa_circ_0001098,Breast cancer,Breast Neoplasms
hsa_circ_0006528,Breast cancer,Breast Neoplasms
hsa_circ_0055625,Colon cancer,Colonic Neoplasms
hsa_circ_0079993,Colon cancer,Colonic Neoplasms
hsa_circ_0001946,Osteosarcoma,Osteosarcoma
hsa_circ_0017639,Gastric cancer,Stomach Neoplasms
hsa_circ_0000285,Bladder cancer,Urinary Bladder Neoplasms
hsa_circ_0109291,Oral squamous cell carcinoma,Squamous Cell Carcinoma of Head and Neck
hsa_circ_0000615,Renal carcinoma,"Carcinoma, Renal Cell"
hsa_circ_0012342,Mucoepidermoid carcinoma,"Carcinoma, Mucoepidermoid"
hsa_circ_0006427,Lung adenocarcinoma,Adenocarcinoma of Lung
hsa_circ_0006156,Bladder cancer,Urinary Bladder Neoplasms
hsa_circ_0088227,Preeclampsia,Pre-Eclampsia
hsa_circ_0007294,Triple negative breast cancer,Triple Negative Breast Neoplasms
hsa_circ_0091579,Hepatocellular carcinoma,"Carcinoma, Hepatocellular"
hsa_circ_0005397,Pancreatic cancer,Pancreatic Neoplasms
hsa_circ_0087378,Breast cancer,Breast Neoplasms
hsa_circ_0008717,Non-small cell lung cancer,"Carcinoma, Non-Small-Cell Lung"
hsa_circ_0001946,Prostate cancer,Prostatic Neoplasms
hsa_circ_0000512,Prostate cancer,Prostatic Neoplasms
hsa_circ_0027599,Gastric cancer,Stomach Neoplasms
hsa_circ_0000285,Nasopharyngeal carcinoma,Nasopharyngeal Carcinoma
hsa_circ_0001721,Osteosarcoma,Osteosarcoma
hsa_circ_0136666,Colorectal cancer,Colorectal Neoplasms
hsa_circ_0005027,Hypopharyngeal carcinoma,Hypopharyngeal Neoplasms
hsa_circ_0008287,Hypopharyngeal carcinoma,Hypopharyngeal Neoplasms
hsa_circ_0008309,Oral squamous cell carcinoma,Squamous Cell Carcinoma of Head and Neck
hsa_circ_0005320,Oral mucosal melanoma,Melanoma
hsa_circ_0018665,Hepatocellular carcinoma,"Carcinoma, Hepatocellular"
hsa_circ_0001846,Triple negative breast cancer,Triple Negative Breast Neoplasms
hsa_circ_0000677,Gastric cancer,Stomach Neoplasms
hsa_circ_0044520,Laryngeal squamous cell carcinoma,Squamous Cell Carcinoma of Head and Neck
hsa_circ_0044529,Laryngeal squamous cell carcinoma,Squamous Cell Carcinoma of Head and Neck
hsa_circ_0009043,Ovarian cancer,Ovarian Neoplasms
hsa_circ_0007444,Ovarian cancer,Ovarian Neoplasms
hsa_circ_0023858,Idiopathic pulmonary fibrosis,Idiopathic Pulmonary Fibrosis
hsa_circ_0000231,Tongue squamous cell carcinoma,Squamous Cell Carcinoma of Head and Neck
hsa_circ_0002162,Tongue squamous cell carcinoma,Squamous Cell Carcinoma of Head and Neck
hsa_circ_0001742,Tongue squamous cell carcinoma,Squamous Cell Carcinoma of Head and Neck
hsa_circ_0005615,Tongue squamous cell carcinoma,Squamous Cell Carcinoma of Head and Neck
hsa_circ_0081001,Osteosarcoma,Osteosarcoma
hsa_circ_0008305,Non-small cell lung cancer,"Carcinoma, Non-Small-Cell Lung"
hsa_circ_0052112,Breast cancer,Breast Neoplasms
hsa_circ_0072088,Colorectal cancer,Colorectal Neoplasms
hsa_circ_0012919,Systemic lupus erythematosus,"Lupus Erythematosus, Systemic"
hsa_circ_0061140,Ovarian cancer,Ovarian Neoplasms
hsa_circ_0020123,Non-small cell lung cancer,"Carcinoma, Non-Small-Cell Lung"
hsa_circ_0008285,Breast carcinoma,Breast Neoplasms
hsa_circ_0072391,Hepatoblastoma,Hepatoblastoma
hsa_circ_0087862,Non-small cell lung cancer,"Carcinoma, Non-Small-Cell Lung"
hsa_circ_0000977,Lung cancer,Lung Neoplasms
hsa_circ_0001946,Esophageal squamous cell carcinoma,Esophageal Squamous Cell Carcinoma
hsa_circ_0008460,Colorectal cancer,Colorectal Neoplasms
hsa_circ_0033079,Glioma,Glioma
hsa_circ_0000284,Glioma,Glioma
hsa_circ_0001445,Cervical cancer,Uterine Cervical Neoplasms
hsa_circ_0060060,Papillary thyroid carcinoma,"Thyroid Cancer, Papillary"
hsa_circ_0001946,Lung adenocarcinoma,Adenocarcinoma of Lung
hsa_circ_0004015,Non-small cell lung cancer,"Carcinoma, Non-Small-Cell Lung"
hsa_circ_0001313,Hirschsprung disease,Hirschsprung Disease
hsa_circ_0074362,Glioma,Glioma
hsa_circ_0000677,Osteosarcoma,Osteosarcoma
hsa_circ_0092509,Osteosarcoma,Osteosarcoma
hsa_circ_0002320,Gastric cancer,Stomach Neoplasms
hsa_circ_0001380,Bladder cancer,Urinary Bladder Neoplasms
hsa_circ_0001451,Clear cell renal cell carcinoma,"Carcinoma, Renal Cell"
hsa_circ_0003998,Non-small cell lung cancer,"Carcinoma, Non-Small-Cell Lung"
hsa_circ_0025039,Melanoma,Melanoma
hsa_circ_0000993,Gastric cancer,Stomach Neoplasms
hsa_circ_0004458,Papillary thyroid carcinoma,"Thyroid Cancer, Papillary"
hsa_circ_0000284,Oral squamous cell carcinoma,Squamous Cell Carcinoma of Head and Neck
hsa_circ_0001368,Gastric cancer,Stomach Neoplasms
hsa_circ_0000284,Prostate cancer,Prostatic Neoplasms
hsa_circ_0043278,Non-small cell lung cancer,"Carcinoma, Non-Small-Cell Lung"
hsa_circ_0033351,Hepatocellular carcinoma,"Carcinoma, Hepatocellular"
hsa_circ_0101432,Hepatocellular carcinoma,"Carcinoma, Hepatocellular"
hsa_circ_0002577,Endometrial carcinoma,Endometrial Neoplasms
hsa_circ_0030018,Glioma,Glioma
hsa_circ_0001649,Hepatocellular carcinoma,"Carcinoma, Hepatocellular"
hsa_circ_0126991,Essential hypertension,Essential Hypertension
hsa_circ_0032821,Gastric cancer,Stomach Neoplasms
hsa_circ_0000677,Breast cancer,Breast Neoplasms
hsa_circ_0004104,Coronary artery disease,Coronary Artery Disease
hsa_circ_0075828,Bladder cancer,Urinary Bladder Neoplasms
hsa_circ_0088732,Intervertebral disc degeneration,Intervertebral Disc Degeneration
hsa_circ_0005198,Glioma,Glioma
hsa_circ_0000284,Ovarian cancer,Ovarian Neoplasms
hsa_circ_0007444,Ovarian cancer,Ovarian Neoplasms
hsa_circ_0001801,Ovarian cancer,Ovarian Neoplasms
hsa_circ_0000567,Ovarian cancer,Ovarian Neoplasms
hsa_circ_0002755,Ovarian cancer,Ovarian Neoplasms
hsa_circ_0046263,Non-small cell lung cancer,"Carcinoma, Non-Small-Cell Lung"
hsa_circ_0000615,Nasopharyngeal carcinoma,Nasopharyngeal Carcinoma
hsa_circ_0003258,Hepatocellular carcinoma,"Carcinoma, Hepatocellular"
hsa_circ_0068871,Bladder cancer,Urinary Bladder Neoplasms
hsa_circ_0059354,Laryngeal squamous cell carcinoma,Squamous Cell Carcinoma of Head and Neck
hsa_circ_0002142,Glioma,Glioma
hsa_circ_0018069,Bladder cancer,Urinary Bladder Neoplasms
hsa_circ_0006117,Non-small cell lung cancer,"Carcinoma, Non-Small-Cell Lung"
hsa_circ_0025202,Breast cancer,Breast Neoplasms
hsa_circ_0020123,Non-small cell lung cancer,"Carcinoma, Non-Small-Cell Lung"
hsa_circ_0007874,Chronic hepatitis B,"Hepatitis B, Chronic"
hsa_circ_0004771,Breast cancer,Breast Neoplasms
hsa_circ_0007874,Lung adenocarcinoma,Adenocarcinoma of Lung
hsa_circ_0026134,Non-small cell lung cancer,"Carcinoma, Non-Small-Cell Lung"
hsa_circ_0070934,Cutaneous squamous cell carcinoma,"Carcinoma, Squamous Cell"
hsa_circ_0006156,Gastric cancer,Stomach Neoplasms
hsa_circ_0025033,Non-small cell lung cancer,"Carcinoma, Non-Small-Cell Lung"
hsa_circ_0005230,Cholangiocarcinoma,Cholangiocarcinoma
hsa_circ_0043278,Osteosarcoma,Osteosarcoma
hsa_circ_0000199,Gastric cancer,Stomach Neoplasms
hsa_circ_0008365,Osteoarthritis,Osteoarthritis
hsa_circ_0004339,Gastric cancer,Stomach Neoplasms
hsa_circ_0097271,Bladder cancer,Urinary Bladder Neoplasms
hsa_circ_0072387,Oral squamous cell carcinoma,Squamous Cell Carcinoma of Head and Neck
hsa_circ_0001946,Pancreatic ductal adenocarcinoma,"Carcinoma, Pancreatic Ductal"
hsa_circ_0000337,Esophageal squamous cell carcinoma,Esophageal Squamous Cell Carcinoma
hsa_circ_0088196,Preeclampsia,Pre-Eclampsia
hsa_circ_0001361,Bladder cancer,Urinary Bladder Neoplasms
hsa_circ_0088036,Amyotrophic lateral sclerosis,Amyotrophic Lateral Sclerosis
hsa_circ_0023919,Amyotrophic lateral sclerosis,Amyotrophic Lateral Sclerosis
hsa_circ_0001946,Bladder cancer,Urinary Bladder Neoplasms
hsa_circ_0023028,Laryngeal cancer,Laryngeal Neoplasms
hsa_circ_0109952,Glioma,Glioma
hsa_circ_0032821,Gastric cancer,Stomach Neoplasms
hsa_circ_0001073,Bladder cancer,Urinary Bladder Neoplasms
hsa_circ_0067934,Glioblastoma,Glioblastoma
hsa_circ_0002623,Non-small cell lung cancer,"Carcinoma, Non-Small-Cell Lung"
hsa_circ_0074027,Glioma,Glioma
hsa_circ_0067934,Neuronal cell injury,Neurons
hsa_circ_0067512,Lung adenocarcinoma,Adenocarcinoma of Lung
hsa_circ_0074854,Hepatocellular carcinoma,"Carcinoma, Hepatocellular"
hsa_circ_0002453,Triple negative breast cancer,Triple Negative Breast Neoplasms
hsa_circ_0004370,Esophageal cancer,Esophageal Neoplasms
hsa_circ_0002024,Bladder cancer,Urinary Bladder Neoplasms
hsa_circ_0001806,Ovarian cancer,Ovarian Neoplasms
hsa_circ_0032627,Gastric cancer,Stomach Neoplasms
hsa_circ_0051240,Ovarian cancer,Ovarian Neoplasms
hsa_circ_0034642,Glioma,Glioma
hsa_circ_0003288,Hepatocellular carcinoma,"Carcinoma, Hepatocellular"
hsa_circ_0001821,Colorectal cancer,Colorectal Neoplasms
hsa_circ_0001946,Breast cancer,Breast Neoplasms
hsa_circ_0000005,Glioma,Glioma
hsa_circ_0092303,Gastric cancer,Stomach Neoplasms
hsa_circ_0004104,Gastric cancer,Stomach Neoplasms
hsa_circ_0001801,Glioma,Glioma
hsa_circ_0001361,Bladder cancer,Urinary Bladder Neoplasms
hsa_circ_0058514,Non-small cell lung cancer,"Carcinoma, Non-Small-Cell Lung"
hsa_circ_0014130,Non-small cell lung cancer,"Carcinoma, Non-Small-Cell Lung"
hsa_circ_0076906,Osteoporosis,Osteoporosis
hsa_circ_0000284,Non-small cell lung cancer,"Carcinoma, Non-Small-Cell Lung"
hsa_circ_0006168,Esophageal squamous cell carcinoma,Esophageal Squamous Cell Carcinoma
hsa_circ_0009109,Gastric cancer,Stomach Neoplasms
hsa_circ_0089172,Hashimoto's thyroiditis,Hashimoto Disease
hsa_circ_0070401,Oral squamous cell carcinoma,Squamous Cell Carcinoma of Head and Neck
hsa_circ_0004846,Osteosarcoma,Osteosarcoma
hsa_circ_0008365,Gastric carcinoma,Stomach Neoplasms
hsa_circ_0000592,Gastric carcinoma,Stomach Neoplasms
hsa_circ_0000284,Gastric carcinoma,Stomach Neoplasms
hsa_circ_0000567,Gastric carcinoma,Stomach Neoplasms
hsa_circ_0001829,Gastric carcinoma,Stomach Neoplasms
hsa_circ_0072309,Intracranial aneurysm,Intracranial Aneurysm
hsa_circ_0007142,Intracranial aneurysm,Intracranial Aneurysm
hsa_circ_0001946,Non-small cell lung cancer,"Carcinoma, Non-Small-Cell Lung"
hsa_circ_0001649,Colorectal cancer,Colorectal Neoplasms
hsa_circ_0001206,Prostate cancer,Prostatic Neoplasms
hsa_circ_0001946,Ovarian cancer,Ovarian Neoplasms
hsa_circ_0000495,Head and neck squamous cell carcinoma,Squamous Cell Carcinoma of Head and Neck
hsa_circ_0025039,Non-small cell lung cancer,"Carcinoma, Non-Small-Cell Lung"
hsa_circ_0088732,Glioma,Glioma
hsa_circ_0003204,Atherosclerosis,Atherosclerosis
hsa_circ_0007444,Colorectal cancer,Colorectal Neoplasms
hsa_circ_0008039,Breast cancer,Breast Neoplasms
hsa_circ_0001681,Colorectal cancer,Colorectal Neoplasms
hsa_circ_0002194,Inflammatory response,Inflammation
hsa_circ_0049116,Epithelial ovarian cancer,"Carcinoma, Ovarian Epithelial"
hsa_circ_0000284,Gastric cancer,Stomach Neoplasms
hsa_circ_0003645,Hepatocellular carcinoma,"Carcinoma, Hepatocellular"
hsa_circ_0005035,Lung cancer,Lung Neoplasms
hsa_circ_0003159,Gastric cancer,Stomach Neoplasms
hsa_circ_0031242,Hepatocellular carcinoma,"Carcinoma, Hepatocellular"
hsa_circ_0076906,Osteoporosis,Osteoporosis
hsa_circ_0001449,Cerebral ischemia,Brain Ischemia
hsa_circ_0011385,Thyroid cancer,Thyroid Neoplasms
hsa_circ_0073237,Glioma,Glioma
hsa_circ_0000092,Hepatocellular carcinoma,"Carcinoma, Hepatocellular"
hsa_circ_0003028,Bladder cancer,Urinary Bladder Neoplasms
hsa_circ_0072088,Bladder cancer,Urinary Bladder Neoplasms
hsa_circ_0000096,Gastric cancer,Stomach Neoplasms
hsa_circ_0001895,Gastric cancer,Stomach Neoplasms
hsa_circ_0014130,Non-small cell lung cancer,"Carcinoma, Non-Small-Cell Lung"
hsa_circ_0059354,Papillary thyroid carcinoma,"Thyroid Cancer, Papillary"
hsa_circ_0006156,Papillary thyroid carcinoma,"Thyroid Cancer, Papillary"
hsa_circ_0084171,Bladder cancer,Urinary Bladder Neoplasms
hsa_circ_0041103,Osteosarcoma,Osteosarcoma
hsa_circ_0001313,Colon cancer,Colonic Neoplasms
hsa_circ_0004771,Esophageal squamous cell carcinoma,Esophageal Squamous Cell Carcinoma
hsa_circ_0056836,Hepatocellular carcinoma,"Carcinoma, Hepatocellular"
hsa_circ_0001821,Epithelial ovarian cancer,"Carcinoma, Ovarian Epithelial"
hsa_circ_0136959,Cervical cancer,Uterine Cervical Neoplasms
hsa_circ_0061656,Pressure ulcer,Pressure Ulcer
hsa_circ_0006916,Hepatocellular carcinoma,"Carcinoma, Hepatocellular"
hsa_circ_0077736,Gastric cancer,Stomach Neoplasms
hsa_circ_0007874,Ovarian cancer,Ovarian Neoplasms
hsa_circ_0005239,Non-small cell lung cancer,"Carcinoma, Non-Small-Cell Lung"
hsa_circ_0011385,Bladder cancer,Urinary Bladder Neoplasms
hsa_circ_0051443,Hepatocellular carcinoma,"Carcinoma, Hepatocellular"
hsa_circ_0001727,Non-small cell lung cancer,"Carcinoma, Non-Small-Cell Lung"
hsa_circ_0070963,Liver fibrosis,Liver Cirrhosis
hsa_circ_0006220,Breast cancer,Breast Neoplasms
hsa_circ_0000977,Breast cancer,Breast Neoplasms
hsa_circ_0043278,Breast cancer,Breast Neoplasms
hsa_circ_0001445,Coronary artery disease,Coronary Artery Disease
hsa_circ_0047688,Glioma,Glioma
hsa_circ_0007623,Myocardial ischemia,Myocardial Ischemia
hsa_circ_0005273,Colorectal cancer,Colorectal Neoplasms
hsa_circ_0001546,Bladder urothelial carcinoma,Urinary Bladder Neoplasms
hsa_circ_0007255,Breast cancer,Breast Neoplasms
hsa_circ_0062389,Non-small cell lung cancer,"Carcinoma, Non-Small-Cell Lung"
hsa_circ_0061825,Breast cancer,Breast Neoplasms
hsa_circ_0000408,Lung squamous cell carcinoma,"Carcinoma, Squamous Cell"
hsa_circ_0004277,Colorectal cancer,Colorectal Neoplasms
hsa_circ_0023706,Radiation-induced liver disease,Liver Diseases
hsa_circ_0006168,Esophageal cancer,Esophageal Neoplasms
hsa_circ_0025033,Papillary thyroid carcinoma,"Thyroid Cancer, Papillary"
hsa_circ_0015278,Papillary thyroid carcinoma,"Thyroid Cancer, Papillary"
hsa_circ_0001900,Colorectal cancer,Colorectal Neoplasms
hsa_circ_0023303,Laryngeal squamous cell carcinoma,Squamous Cell Carcinoma of Head and Neck
hsa_circ_0005273,Multiple myeloma,Multiple Myeloma
hsa_circ_0001946,Ovarian cancer,Ovarian Neoplasms
hsa_circ_0026134,Ovarian cancer,Ovarian Neoplasms
hsa_circ_0025033,Ovarian cancer,Ovarian Neoplasms
hsa_circ_0014130,Ovarian cancer,Ovarian Neoplasms
hsa_circ_0039411,Hepatocellular carcinoma,"Carcinoma, Hepatocellular"
hsa_circ_0062558,Breast cancer,Breast Neoplasms
hsa_circ_0000936,Bladder cancer,Urinary Bladder Neoplasms
hsa_circ_0007444,Gastric cancer,Stomach Neoplasms
hsa_circ_0000190,Osteosarcoma,Osteosarcoma
hsa_circ_0001445,Cervical cancer,Uterine Cervical Neoplasms
hsa_circ_0006990,Breast cancer,Breast Neoplasms
hsa_circ_0005795,Breast cancer,Breast Neoplasms
hsa_circ_0000370,Acute myeloid leukemia,"Leukemia, Myeloid, Acute"
hsa_circ_0000006,Osteosarcoma,Osteosarcoma
hsa_circ_0031594,Renal cell carcinoma,"Carcinoma, Renal Cell"
hsa_circ_0003204,Atherosclerosis,Atherosclerosis
hsa_circ_0058147,Gastric cancer,Stomach Neoplasms
hsa_circ_0026231,Esophageal squamous cell carcinoma,Esophageal Squamous Cell Carcinoma
hsa_circ_0132980,Cervical cancer,Uterine Cervical Neoplasms
hsa_circ_0001742,Glioma,Glioma
hsa_circ_0067934,Gastric cancer,Stomach Neoplasms
hsa_circ_0001667,Breast cancer,Breast Neoplasms
hsa_circ_0128332,Lung adenocarcinoma,Adenocarcinoma of Lung
hsa_circ_0009910,Hepatocellular carcinoma,"Carcinoma, Hepatocellular"
hsa_circ_0006948,Esophageal squamous cell carcinoma,Esophageal Squamous Cell Carcinoma
hsa_circ_0037251,Glioma,Glioma
hsa_circ_0012384,Non-small cell lung cancer,"Carcinoma, Non-Small-Cell Lung"
hsa_circ_0001417,Glioma,Glioma
hsa_circ_0004680,Colorectal cancer,Colorectal Neoplasms
hsa_circ_0000285,Laryngocarcinoma,Squamous Cell Carcinoma of Head and Neck
hsa_circ_0015962,Dengue fever,Dengue
hsa_circ_0006459,Dengue fever,Dengue
hsa_circ_0000320,Triple negative breast cancer,Triple Negative Breast Neoplasms
hsa_circ_0000267,Gastric cancer,Stomach Neoplasms
hsa_circ_0000147,Prostate cancer,Prostatic Neoplasms
hsa_circ_0002483,Non-small cell lung cancer,"Carcinoma, Non-Small-Cell Lung"
hsa_circ_0005556,Gastric cancer,Stomach Neoplasms
hsa_circ_0006117,Bladder cancer,Urinary Bladder Neoplasms
hsa_circ_0043949,Glioblastoma,Glioblastoma
hsa_circ_0060467,Cervical cancer,Uterine Cervical Neoplasms
hsa_circ_0014130,Lung adenocarcinoma,Adenocarcinoma of Lung
hsa_circ_0084003,Non-small cell lung cancer,"Carcinoma, Non-Small-Cell Lung"
hsa_circ_0000291,Gastric cancer,Stomach Neoplasms
hsa_circ_0004214,Cervical cancer,Uterine Cervical Neoplasms
hsa_circ_0063526,Gastric cancer,Stomach Neoplasms
hsa_circ_0001038,Cervical cancer,Uterine Cervical Neoplasms
hsa_circ_0046600,Hepatocellular carcinoma,"Carcinoma, Hepatocellular"
hsa_circ_0007841,Multiple myeloma,Multiple Myeloma
hsa_circ_0051079,Osteosarcoma,Osteosarcoma
hsa_circ_0091702,Pneumonia,Pneumonia
hsa_circ_0000285,Osteosarcoma,Osteosarcoma
hsa_circ_0001386,Clear cell renal cell carcinoma,"Carcinoma, Renal Cell"
hsa_circ_0000654,Esophageal squamous cell carcinoma,Esophageal Squamous Cell Carcinoma
hsa_circ_0137439,Bladder cancer,Urinary Bladder Neoplasms
hsa_circ_0003855,Gastric cancer,Stomach Neoplasms
hsa_circ_0000615,Gastric cancer,Stomach Neoplasms
hsa_circ_0067934,Gastric cancer,Stomach Neoplasms
hsa_circ_0000515,Cervical cancer,Uterine Cervical Neoplasms
hsa_circ_0000013,Lung adenocarcinoma,Adenocarcinoma of Lung
hsa_circ_0060180,Parkinson's disease,Parkinson Disease
hsa_circ_0001495,Cellular senescence,Cellular Senescence
hsa_circ_0002623,Bladder cancer,Urinary Bladder Neoplasms
hsa_circ_0000043,Ovarian cancer,Ovarian Neoplasms
hsa_circ_0000517,Hepatocellular carcinoma,"Carcinoma, Hepatocellular"
hsa_circ_0001897,Proliferative diabetic retinopathy,Diabetic Retinopathy
hsa_circ_0002570,Proliferative diabetic retinopathy,Diabetic Retinopathy
hsa_circ_0001178,Colorectal cancer,Colorectal Neoplasms
hsa_circ_0072088,Bladder cancer,Urinary Bladder Neoplasms
hsa_circ_0005100,Colorectal cancer,Colorectal Neoplasms
hsa_circ_0001821,Colorectal cancer,Colorectal Neoplasms
hsa_circ_0001178,Colorectal cancer,Colorectal Neoplasms
hsa_circ_0030018,Esophageal carcinoma,Esophageal Neoplasms
hsa_circ_0006404,Prostate cancer,Prostatic Neoplasms
hsa_circ_0084927,Small cell lung cancer,Small Cell Lung Carcinoma
hsa_circ_0001725,Gastric cancer,Stomach Neoplasms
hsa_circ_0004798,Gastric cancer,Stomach Neoplasms
hsa_circ_0076979,Prostate cancer,Prostatic Neoplasms
hsa_circ_0132813,Neuroblastoma,Neuroblastoma
hsa_circ_0075341,Cervical cancer,Uterine Cervical Neoplasms
hsa_circ_0001361,Bladder cancer,Urinary Bladder Neoplasms
hsa_circ_0058514,Cervical cancer,Uterine Cervical Neoplasms
hsa_circ_0000370,Colorectal cancer,Colorectal Neoplasms
hsa_circ_0008450,Hepatocellular carcinoma,"Carcinoma, Hepatocellular"
hsa_circ_0092306,Gastric cancer,Stomach Neoplasms
hsa_circ_0017252,Clear cell renal cell carcinoma,"Carcinoma, Renal Cell"
hsa_circ_0082846,Glioma,Glioma
hsa_circ_0058092,Gastric cancer,Stomach Neoplasms
hsa_circ_0001546,Gastric cancer,Stomach Neoplasms
hsa_circ_0001387,Ovarian cancer,Ovarian Neoplasms
hsa_circ_0000080,Glioma,Glioma
hsa_circ_0023919,Bladder cancer,Urinary Bladder Neoplasms
hsa_circ_0067835,Colorectal cancer,Colorectal Neoplasms
hsa_circ_0001346,Lung adenocarcinoma,Adenocarcinoma of Lung
hsa_circ_0013549,Ovarian cancer,Ovarian Neoplasms
hsa_circ_0000144,Gastric cancer,Stomach Neoplasms
hsa_circ_0001821,Esophageal carcinoma,Esophageal Neoplasms
hsa_circ_0000448,Temporomandibular joint osteoarthritis,Temporomandibular Joint Disorders
hsa_circ_0001681,Renal cell carcinoma,"Carcinoma, Renal Cell"
hsa_circ_0044516,Prostate cancer,Prostatic Neoplasms
hsa_circ_0004662,Ulcerative colitis,"Colitis, Ulcerative"
hsa_circ_0008234,Gallbladder cancer,Gallbladder Neoplasms
hsa_circ_0001946,Coronary heart disease,Coronary Disease
hsa_circ_0000284,Coronary heart disease,Coronary Disease
hsa_circ_0001821,Gastric cancer,Stomach Neoplasms
hsa_circ_0020792,Keloid,Keloid
hsa_circ_0087862,Demyelinating disease,Demyelinating Diseases
hsa_circ_0001627,Demyelinating disease,Demyelinating Diseases
hsa_circ_0064574,Chronic lymphocytic leukemia,"Leukemia, Lymphocytic, Chronic, B-Cell"
hsa_circ_0102722,Glioma,Glioma
hsa_circ_0021977,Colorectal cancer,Colorectal Neoplasms
hsa_circ_0001946,Nasopharyngeal carcinoma,Nasopharyngeal Carcinoma
hsa_circ_0001946,Periodontitis,Periodontitis
hsa_circ_0051470,Intervertebral disc degeneration,Intervertebral Disc Degeneration
hsa_circ_0001946,Hepatocellular carcinoma,"Carcinoma, Hepatocellular"
hsa_circ_0020732,Lung adenocarcinoma,Adenocarcinoma of Lung
hsa_circ_0007444,Clear cell renal cell carcinoma,"Carcinoma, Renal Cell"
hsa_circ_0002185,Oral squamous cell carcinoma,Squamous Cell Carcinoma of Head and Neck
hsa_circ_0006848,Gastric cancer,Stomach Neoplasms
hsa_circ_0008975,Non-small cell lung cancer,"Carcinoma, Non-Small-Cell Lung"
hsa_circ_0014130,Colon cancer,Colonic Neoplasms
hsa_circ_0001821,Hepatocellular carcinoma,"Carcinoma, Hepatocellular"
hsa_circ_0053277,Colorectal cancer,Colorectal Neoplasms
hsa_circ_0137606,Bladder cancer,Urinary Bladder Neoplasms
hsa_circ_0001451,Triple negative breast cancer,Triple Negative Breast Neoplasms
hsa_circ_0079993,Colorectal cancer,Colorectal Neoplasms
hsa_circ_0003949,Glioma,Glioma
hsa_circ_0002755,Glioma,Glioma
hsa_circ_0006404,Glioblastoma,Glioblastoma
hsa_circ_0039569,Renal cell carcinoma,"Carcinoma, Renal Cell"
hsa_circ_0023404,Non-small cell lung cancer,"Carcinoma, Non-Small-Cell Lung"
hsa_circ_0074027,Glioblastoma,Glioblastoma
hsa_circ_0035483,Clear cell renal cell carcinoma,"Carcinoma, Renal Cell"
hsa_circ_0001821,Oral squamous cell carcinoma,Squamous Cell Carcinoma of Head and Neck
hsa_circ_0001821,Lung squamous cell carcinoma,"Carcinoma, Squamous Cell"
hsa_circ_0001821,Lung squamous cell carcinoma,"Carcinoma, Squamous Cell"
hsa_circ_0001946,Ovarian cancer,Ovarian Neoplasms
hsa_circ_0031250,Non-small cell lung cancer,"Carcinoma, Non-Small-Cell Lung"
hsa_circ_0008039,Colon cancer,Colonic Neoplasms
hsa_circ_0014130,Ovarian cancer,Ovarian Neoplasms
hsa_circ_0007534,Cervical cancer,Uterine Cervical Neoplasms
hsa_circ_0006835,Gastric cancer,Stomach Neoplasms
hsa_circ_0007334,Pancreatic ductal adenocarcinoma,"Carcinoma, Pancreatic Ductal"
hsa_circ_0088227,Preeclampsia,Pre-Eclampsia
hsa_circ_0082374,Glioma,Glioma
hsa_circ_0019456,Hepatocellular carcinoma,"Carcinoma, Hepatocellular"
hsa_circ_0003998,Hepatocellular carcinoma,"Carcinoma, Hepatocellular"
hsa_circ_0008549,Gastric cancer,Stomach Neoplasms
hsa_circ_0001839,Breast cancer,Breast Neoplasms
hsa_circ_0000615,Colorectal cancer,Colorectal Neoplasms
hsa_circ_0098619,Glioma,Glioma
hsa_circ_0076631,Diabetic cardiomyopathy,Diabetic Cardiomyopathies
hsa_circ_0092012,Laryngeal squamous cell carcinoma,Squamous Cell Carcinoma of Head and Neck
hsa_circ_0005035,Hepatocellular carcinoma,"Carcinoma, Hepatocellular"
hsa_circ_0133159,Glioma,Glioma
hsa_circ_0006772,Preeclampsia,Pre-Eclampsia
hsa_circ_0007142,Colorectal cancer,Colorectal Neoplasms
hsa_circ_0008450,Nasopharyngeal carcinoma,Nasopharyngeal Carcinoma
hsa_circ_0001721,Prostate cancer,Prostatic Neoplasms
hsa_circ_0038632,Triple negative breast cancer,Triple Negative Breast Neoplasms
hsa_circ_0005758,Gastric cancer,Stomach Neoplasms
hsa_circ_0068515,Lung squamous cell carcinoma,"Carcinoma, Squamous Cell"
hsa_circ_0058124,Papillary thyroid carcinoma,"Thyroid Cancer, Papillary"
hsa_circ_0039569,Endometrial cancer,Endometrial Neoplasms
hsa_circ_0001610,Endometrial cancer,Endometrial Neoplasms
hsa_circ_0009043,Endometrial cancer,Endometrial Neoplasms
hsa_circ_0001955,Colorectal cancer,Colorectal Neoplasms
hsa_circ_0001806,Hepatocellular carcinoma,"Carcinoma, Hepatocellular"
hsa_circ_0009910,Hepatocellular carcinoma,"Carcinoma, Hepatocellular"
hsa_circ_0109320,Non-small cell lung cancer,"Carcinoma, Non-Small-Cell Lung"
hsa_circ_0001727,Hepatocellular carcinoma,"Carcinoma, Hepatocellular"
hsa_circ_0089548,Gastric cancer,Stomach Neoplasms
hsa_circ_0030586,Prostate cancer,Prostatic Neoplasms
hsa_circ_0039411,Papillary thyroid carcinoma,"Thyroid Cancer, Papillary"
hsa_circ_0001543,Bladder cancer,Urinary Bladder Neoplasms
hsa_circ_0007294,Colorectal cancer,Colorectal Neoplasms
hsa_circ_0011780,Non-small cell lung cancer,"Carcinoma, Non-Small-Cell Lung"
hsa_circ_0137008,Colorectal cancer,Colorectal Neoplasms
hsa_circ_0061140,Endometrial carcinoma,Endometrial Neoplasms
hsa_circ_0008285,Breast cancer,Breast Neoplasms
hsa_circ_0001649,Gastric carcinoma,Stomach Neoplasms
hsa_circ_0008792,Osteosarcoma,Osteosarcoma
hsa_circ_0001568,Intervertebral disc degeneration,Intervertebral Disc Degeneration
hsa_circ_0008717,Non-small cell lung cancer,"Carcinoma, Non-Small-Cell Lung"
hsa_circ_0008717,Hepatocellular carcinoma,"Carcinoma, Hepatocellular"
hsa_circ_0000284,Bladder cancer,Urinary Bladder Neoplasms
hsa_circ_0009362,Triple negative breast cancer,Triple Negative Breast Neoplasms
hsa_circ_0001568,Pancreatic ductal adenocarcinoma,"Carcinoma, Pancreatic Ductal"
hsa_circ_0008225,Glioma,Glioma
hsa_circ_0014130,Gastric cancer,Stomach Neoplasms
hsa_circ_0004812,Chronic hepatitis B,"Hepatitis B, Chronic"
hsa_circ_0038467,Pneumonia,Pneumonia
hsa_circ_0058063,Bladder cancer,Urinary Bladder Neoplasms
hsa_circ_0014130,Gastric cancer,Stomach Neoplasms
hsa_circ_0019340,Epithelial ovarian cancer,"Carcinoma, Ovarian Epithelial"
hsa_circ_0032821,Gastric cancer,Stomach Neoplasms
hsa_circ_0024093,Acute kidney injury,Acute Kidney Injury
hsa_circ_0007843,Colon cancer,Colonic Neoplasms
hsa_circ_0000326,Lung adenocarcinoma,Adenocarcinoma of Lung
hsa_circ_0001313,Gastric cancer,Stomach Neoplasms
hsa_circ_0041795,Diabetic retinopathy,Diabetic Retinopathy
hsa_circ_0005320,Triple negative breast cancer,Triple Negative Breast Neoplasms
hsa_circ_0090956,Glioma,Glioma
hsa_circ_0007534,Colorectal cancer,Colorectal Neoplasms
hsa_circ_0006156,Gastric cancer,Stomach Neoplasms
hsa_circ_0029589,Atherosclerosis,Atherosclerosis
hsa_circ_0002052,Osteosarcoma,Osteosarcoma
hsa_circ_0031288,Cervical cancer,Uterine Cervical Neoplasms
hsa_circ_0004846,Obesity,Obesity
hsa_circ_0072309,Non-small cell lung cancer,"Carcinoma, Non-Small-Cell Lung"
hsa_circ_0001610,Endometrial carcinoma,Endometrial Neoplasms
hsa_circ_0072387,Oral squamous cell carcinoma,Squamous Cell Carcinoma of Head and Neck
hsa_circ_0072995,Bladder cancer,Urinary Bladder Neoplasms
hsa_circ_0087862,Non-small cell lung cancer,"Carcinoma, Non-Small-Cell Lung"
hsa_circ_0072088,Lung adenocarcinoma,Adenocarcinoma of Lung
hsa_circ_0008274,Lung adenocarcinoma,Adenocarcinoma of Lung
hsa_circ_0000615,Lung adenocarcinoma,Adenocarcinoma of Lung
hsa_circ_0019421,Glioblastoma,Glioblastoma
hsa_circ_0014235,Lung squamous cell carcinoma,"Carcinoma, Squamous Cell"
hsa_circ_0000260,Gastric cancer,Stomach Neoplasms
hsa_circ_0000284,Acute pancreatitis,Pancreatitis
hsa_circ_0002570,Diabetic retinopathy,Diabetic Retinopathy
hsa_circ_0001380,Pulmonary tuberculosis,"Tuberculosis, Pulmonary"
hsa_circ_0000567,Non-small cell lung cancer,"Carcinoma, Non-Small-Cell Lung"
hsa_circ_0033074,Nasopharyngeal carcinoma,Nasopharyngeal Carcinoma
hsa_circ_0000448,Temporomandibular joint osteoarthritis,Temporomandibular Joint Disorders
hsa_circ_0000372,Colorectal cancer,Colorectal Neoplasms
hsa_circ_0089378,Coronary artery disease,Coronary Artery Disease
hsa_circ_0083357,Coronary artery disease,Coronary Artery Disease
hsa_circ_0082824,Coronary artery disease,Coronary Artery Disease
hsa_circ_0068942,Coronary artery disease,Coronary Artery Disease
hsa_circ_0057576,Coronary artery disease,Coronary Artery Disease
hsa_circ_0054537,Coronary artery disease,Coronary Artery Disease
hsa_circ_0051172,Coronary artery disease,Coronary Artery Disease
hsa_circ_0032970,Coronary artery disease,Coronary Artery Disease
hsa_circ_0006323,Coronary artery disease,Coronary Artery Disease
hsa_circ_0003204,Atherosclerosis,Atherosclerosis
hsa_circ_0006872,Chronic obstructive pulmonary disease,"Pulmonary Disease, Chronic Obstructive"
hsa_circ_0004662,Hepatocellular carcinoma,"Carcinoma, Hepatocellular"
hsa_circ_0132246,Bladder cancer,Urinary Bladder Neoplasms
hsa_circ_0001946,Pulmonary hypertension,"Hypertension, Pulmonary"
hsa_circ_0001955,Hepatocellular carcinoma,"Carcinoma, Hepatocellular"
hsa_circ_0008309,Gastric cancer,Stomach Neoplasms
hsa_circ_0001955,Hepatocellular carcinoma,"Carcinoma, Hepatocellular"
hsa_circ_0026134,Hepatocellular carcinoma,"Carcinoma, Hepatocellular"
hsa_circ_0014130,Hepatocellular carcinoma,"Carcinoma, Hepatocellular"
hsa_circ_0027345,Hepatocellular carcinoma,"Carcinoma, Hepatocellular"
hsa_circ_0000673,Cholangiocarcinoma,Cholangiocarcinoma
hsa_circ_0060144,Cholangiocarcinoma,Cholangiocarcinoma
hsa_circ_0008274,Cholangiocarcinoma,Cholangiocarcinoma
hsa_circ_0139402,Cholangiocarcinoma,Cholangiocarcinoma
hsa_circ_0001714,Cholangiocarcinoma,Cholangiocarcinoma
hsa_circ_0004458,Papillary thyroid carcinoma,"Thyroid Cancer, Papillary"
hsa_circ_0004370,Gastric carcinoma,Stomach Neoplasms
hsa_circ_0000657,Gastric cancer,Stomach Neoplasms
hsa_circ_0043469,Adrenocortical carcinoma,Adrenocortical Carcinoma
hsa_circ_0030605,Bronchopulmonary dysplasia,Bronchopulmonary Dysplasia
hsa_circ_0040060,Intervertebral disk degeneration,Intervertebral Disc Degeneration
hsa_circ_0005875,Clear cell renal cell carcinoma,"Carcinoma, Renal Cell"
hsa_circ_0008450,Liver cancer,Liver Neoplasms
hsa_circ_0069767,Multiple myeloma,Multiple Myeloma
hsa_circ_0030998,Lung cancer,Lung Neoplasms
hsa_circ_0006916,Hepatocellular carcinoma,"Carcinoma, Hepatocellular"
hsa_circ_0003288,Non-small cell lung cancer,"Carcinoma, Non-Small-Cell Lung"
hsa_circ_0071820,Bladder cancer,Urinary Bladder Neoplasms
hsa_circ_0067835,Endometrial carcinoma,Endometrial Neoplasms
hsa_circ_0031250,Non-small cell lung cancer,"Carcinoma, Non-Small-Cell Lung"
hsa_circ_0005224,Nasopharyngeal carcinoma,Nasopharyngeal Carcinoma
hsa_circ_0067934,Lung cancer,Lung Neoplasms
hsa_circ_0034803,Gastric cancer,Stomach Neoplasms
hsa_circ_0043278,Glioblastoma,Glioblastoma
hsa_circ_0000234,Gastric cancer,Stomach Neoplasms
hsa_circ_0044516,Gastric cancer,Stomach Neoplasms
hsa_circ_0007364,Cervical cancer,Uterine Cervical Neoplasms
hsa_circ_0068515,Breast cancer,Breast Neoplasms
hsa_circ_0092516,Osteoarthritis,Osteoarthritis
hsa_circ_0060450,Type 1 diabetes mellitus,"Diabetes Mellitus, Type 1"
hsa_circ_0000043,Endometrial carcinoma,Endometrial Neoplasms
hsa_circ_0106714,Colorectal cancer,Colorectal Neoplasms
hsa_circ_0000376,Gastric cancer,Stomach Neoplasms
hsa_circ_0005273,Acute myeloid leukemia,"Leukemia, Myeloid, Acute"
hsa_circ_0072391,Colon cancer,Colonic Neoplasms
hsa_circ_0032821,Gastric cancer,Stomach Neoplasms
hsa_circ_0039053,Hepatocellular carcinoma,"Carcinoma, Hepatocellular"
hsa_circ_0000260,Gastric adenocarcinoma,Stomach Neoplasms
hsa_circ_0000567,Nasopharyngeal carcinoma,Nasopharyngeal Carcinoma
hsa_circ_0008274,Hepatocellular carcinoma,"Carcinoma, Hepatocellular"
hsa_circ_0003645,Breast cancer,Breast Neoplasms
hsa_circ_0106800,Breast cancer,Breast Neoplasms
hsa_circ_0004771,Gastric cancer,Stomach Neoplasms
hsa_circ_0093996,Retinoblastoma,Retinoblastoma
hsa_circ_0000039,Gastric cancer,Stomach Neoplasms
hsa_circ_0000285,Laryngocarcinoma,Squamous Cell Carcinoma of Head and Neck
hsa_circ_0008365,Osteoarthritis,Osteoarthritis
hsa_circ_0009143,Cervical cancer,Uterine Cervical Neoplasms
hsa_circ_0001445,Osteoporosis,Osteoporosis
hsa_circ_0035266,Inflammation,Inflammation
hsa_circ_0072391,Endometriosis,Endometriosis
hsa_circ_0081519,Glioma,Glioma
hsa_circ_0084927,Cervical cancer,Uterine Cervical Neoplasms
hsa_circ_0004018,Hepatocellular carcinoma,"Carcinoma, Hepatocellular"
hsa_circ_0001785,Breast cancer,Breast Neoplasms
hsa_circ_0003204,Cervical cancer,Uterine Cervical Neoplasms
hsa_circ_0005556,Gastric cancer,Stomach Neoplasms
hsa_circ_0000284,Glioma,Glioma
hsa_circ_0132813,Neuroblastoma,Neuroblastoma
hsa_circ_0000231,Colorectal cancer,Colorectal Neoplasms
hsa_circ_0016068,Prostate cancer,Prostatic Neoplasms
hsa_circ_0000285,Cervical cancer,Uterine Cervical Neoplasms
hsa_circ_0007031,Colorectal cancer,Colorectal Neoplasms
hsa_circ_0001721,Osteosarcoma,Osteosarcoma
hsa_circ_0062558,Uterine leiomyoma,Leiomyoma
hsa_circ_0000936,Glioma,Glioma
hsa_circ_0005785,Hepatocellular carcinoma,"Carcinoma, Hepatocellular"
hsa_circ_0000142,Multiple myeloma,Multiple Myeloma
hsa_circ_0001649,Osteosarcoma,Osteosarcoma
hsa_circ_0054633,Acute lung injury,Acute Lung Injury
hsa_circ_0045602,Gastric cancer,Stomach Neoplasms
hsa_circ_0005728,Triple negative breast cancer,Triple Negative Breast Neoplasms
hsa_circ_0000615,Prostate cancer,Prostatic Neoplasms
hsa_circ_0006156,Bladder cancer,Urinary Bladder Neoplasms
hsa_circ_0001313,Colon cancer,Colonic Neoplasms
hsa_circ_0072309,Breast cancer,Breast Neoplasms
hsa_circ_0001368,Gastric cancer,Stomach Neoplasms
hsa_circ_0001445,Cervical cancer,Uterine Cervical Neoplasms
hsa_circ_0000263,Cervical cancer,Uterine Cervical Neoplasms
hsa_circ_0067934,Cervical cancer,Uterine Cervical Neoplasms
hsa_circ_0005320,Oral mucosal melanoma,Melanoma
hsa_circ_0074027,Glioblastoma,Glioblastoma
hsa_circ_0001946,Glioblastoma,Glioblastoma
hsa_circ_0000284,Prostate cancer,Prostatic Neoplasms
hsa_circ_0001649,Retinoblastoma,Retinoblastoma
hsa_circ_0000190,Multiple myeloma,Multiple Myeloma
hsa_circ_0080145,Chronic myeloid leukemia,"Leukemia, Myelogenous, Chronic, BCR-ABL Positive"
hsa_circ_0000488,Acute myeloid leukemia,"Leukemia, Myeloid, Acute"
hsa_circ_0058124,Thyroid cancer,Thyroid Neoplasms
hsa_circ_0011385,Thyroid cancer,Thyroid Neoplasms
hsa_circ_0025033,Papillary thyroid carcinoma,"Thyroid Cancer, Papillary"
hsa_circ_0006156,Papillary thyroid carcinoma,"Thyroid Cancer, Papillary"
hsa_circ_0067934,Thyroid cancer,Thyroid Neoplasms
hsa_circ_0039411,Papillary thyroid carcinoma,"Thyroid Cancer, Papillary"
hsa_circ_0008309,Oral squamous cell carcinoma,Squamous Cell Carcinoma of Head and Neck
hsa_circ_0072387,Oral squamous cell carcinoma,Squamous Cell Carcinoma of Head and Neck
hsa_circ_0109291,Oral squamous cell carcinoma,Squamous Cell Carcinoma of Head and Neck
hsa_circ_0001742,Tongue squamous cell carcinoma,Squamous Cell Carcinoma of Head and Neck
hsa_circ_0001821,Oral squamous cell carcinoma,Squamous Cell Carcinoma of Head and Neck
hsa_circ_0002185,Oral squamous cell carcinoma,Squamous Cell Carcinoma of Head and Neck
hsa_circ_0000376,Non-small cell lung cancer,"Carcinoma, Non-Small-Cell Lung"
hsa_circ_0103809,Bladder cancer,Urinary Bladder Neoplasms
hsa_circ_0000735,Non-small cell lung cancer,"Carcinoma, Non-Small-Cell Lung"
hsa_circ_0001206,Prostate cancer,Prostatic Neoplasms
hsa_circ_0010090,Hepatocellular carcinoma,"Carcinoma, Hepatocellular"
hsa_circ_0082374,Glioma,Glioma
hsa_circ_0001946,Glioblastoma,Glioblastoma
hsa_circ_0007142,Colorectal cancer,Colorectal Neoplasms
hsa_circ_0072995,Epithelial ovarian cancer,"Carcinoma, Ovarian Epithelial"
hsa_circ_0003738,Psoriasis,Psoriasis
hsa_circ_0003738,Psoriasis,Psoriasis
hsa_circ_0000034,Retinoblastoma,Retinoblastoma
hsa_circ_0007031,Colorectal cancer,Colorectal Neoplasms
hsa_circ_0000517,Hepatocellular carcinoma,"Carcinoma, Hepatocellular"
hsa_circ_0029589,Atherosclerosis,Atherosclerosis
hsa_circ_0037128,Diabetic nephropathy,Diabetic Nephropathies
hsa_circ_0026359,Gastric cancer,Stomach Neoplasms
hsa_circ_0007874,Liver fibrosis,Liver Cirrhosis
hsa_circ_0072758,Laryngeal squamous cell carcinoma,Squamous Cell Carcinoma of Head and Neck
hsa_circ_0006835,Gastric cancer,Stomach Neoplasms
hsa_circ_0074854,Colorectal cancer,Colorectal Neoplasms
hsa_circ_0004058,Age-related cataract,Cataract
hsa_circ_0002211,Prostate cancer,Prostatic Neoplasms
hsa_circ_0005615,Cervical cancer,Uterine Cervical Neoplasms
hsa_circ_0074854,Myocardial infarction,Myocardial Infarction
hsa_circ_0000034,Retinoblastoma,Retinoblastoma
hsa_circ_0000144,Thyroid cancer,Thyroid Neoplasms
hsa_circ_0007874,Gallbladder carcinoma,Gallbladder Neoplasms
hsa_circ_0000284,Diabetic nephropathy,Diabetic Nephropathies
hsa_circ_0015756,Hepatocellular carcinoma,"Carcinoma, Hepatocellular"
hsa_circ_0013912,Pancreatic ductal adenocarcinoma,"Carcinoma, Pancreatic Ductal"
hsa_circ_0009043,Ovarian cancer,Ovarian Neoplasms
hsa_circ_0000291,Breast cancer,Breast Neoplasms
hsa_circ_0001313,Osteosarcoma,Osteosarcoma
hsa_circ_0002577,Endometrial cancer,Endometrial Neoplasms
hsa_circ_0008898,Oral squamous cell carcinoma,Squamous Cell Carcinoma of Head and Neck
hsa_circ_0011292,Non-small cell lung cancer,"Carcinoma, Non-Small-Cell Lung"
hsa_circ_0020123,Non-small cell lung cancer,"Carcinoma, Non-Small-Cell Lung"
hsa_circ_0010220,Osteosarcoma,Osteosarcoma
hsa_circ_0000218,Laryngeal squamous cell carcinoma,Squamous Cell Carcinoma of Head and Neck
hsa_circ_0008934,Osteosarcoma,Osteosarcoma
hsa_circ_0136666,Colorectal cancer,Colorectal Neoplasms
hsa_circ_0000512,Colorectal cancer,Colorectal Neoplasms
hsa_circ_0007334,Colorectal cancer,Colorectal Neoplasms
hsa_circ_0029589,Atherosclerosis,Atherosclerosis
hsa_circ_0007841,Multiple myeloma,Multiple Myeloma
hsa_circ_0000517,Hepatocellular carcinoma,"Carcinoma, Hepatocellular"
hsa_circ_0006156,Bladder cancer,Urinary Bladder Neoplasms
hsa_circ_0067934,Non-small cell lung cancer,"Carcinoma, Non-Small-Cell Lung"
hsa_circ_0024097,Osteoporosis,Osteoporosis
hsa_circ_0061052,Chronic obstructive pulmonary disease,"Pulmonary Disease, Chronic Obstructive"
hsa_circ_0000284,Breast cancer,Breast Neoplasms
hsa_circ_0000284,Osteoarthritis,Osteoarthritis
hsa_circ_0001946,Heart failure,Heart Failure
hsa_circ_0001846,Cervical cancer,Uterine Cervical Neoplasms
hsa_circ_0109291,Oral squamous cell carcinoma,Squamous Cell Carcinoma of Head and Neck
hsa_circ_0005728,Breast cancer,Breast Neoplasms
hsa_circ_0016760,Non-small cell lung cancer,"Carcinoma, Non-Small-Cell Lung"
hsa_circ_0082374,Non-small cell lung cancer,"Carcinoma, Non-Small-Cell Lung"
hsa_circ_0067934,Esophageal cancer,Esophageal Neoplasms
hsa_circ_0113656,Human aortic smooth muscle cell,"Myocytes, Smooth Muscle"
hsa_circ_0001588,Lung adenocarcinoma,Adenocarcinoma of Lung
hsa_circ_0007874,Ovarian cancer,Ovarian Neoplasms
hsa_circ_0000376,Breast cancer,Breast Neoplasms
hsa_circ_0000274,Renal cell carcinoma,"Carcinoma, Renal Cell"
hsa_circ_0000328,Renal cell carcinoma,"Carcinoma, Renal Cell"
hsa_circ_0017639,Glioma,Glioma
hsa_circ_0005758,Gastric cancer,Stomach Neoplasms
hsa_circ_0139996,Gastric cancer,Stomach Neoplasms
hsa_circ_0000740,Clear cell renal cell carcinoma,"Carcinoma, Renal Cell"
hsa_circ_0035483,Prostate cancer,Prostatic Neoplasms
hsa_circ_0000735,Prostate cancer,Prostatic Neoplasms
hsa_circ_0000073,Osteosarcoma,Osteosarcoma
hsa_circ_0046263,Nasopharyngeal carcinoma,Nasopharyngeal Carcinoma
hsa_circ_0074169,Colon cancer,Colonic Neoplasms
hsa_circ_0017311,Osteosarcoma,Osteosarcoma
hsa_circ_0005909,Osteosarcoma,Osteosarcoma
hsa_circ_0088036,Rheumatoid arthritis,"Arthritis, Rheumatoid"
hsa_circ_0000527,Retinoblastoma,Retinoblastoma
hsa_circ_0002755,Glioma,Glioma
hsa_circ_0062558,Breast cancer,Breast Neoplasms
hsa_circ_0087378,Esophageal squamous cell carcinoma,Esophageal Squamous Cell Carcinoma
hsa_circ_0026134,Hepatocellular carcinoma,"Carcinoma, Hepatocellular"
hsa_circ_0007334,Prostate cancer,Prostatic Neoplasms
hsa_circ_0005394,Hepatocellular carcinoma,"Carcinoma, Hepatocellular"
hsa_circ_0008234,Lung cancer,Lung Neoplasms
hsa_circ_0070934,Cutaneous squamous cell carcinoma,"Carcinoma, Squamous Cell"
hsa_circ_0061140,Endometriosis,Endometriosis
hsa_circ_0082003,Non-small cell lung cancer,"Carcinoma, Non-Small-Cell Lung"
hsa_circ_0003204,Atherosclerosis,Atherosclerosis
hsa_circ_0045602,Gastric cancer,Stomach Neoplasms
hsa_circ_0136666,Colorectal cancer,Colorectal Neoplasms
hsa_circ_0036722,Laryngeal squamous cell carcinoma,Squamous Cell Carcinoma of Head and Neck
hsa_circ_0000977,Colorectal cancer,Colorectal Neoplasms
hsa_circ_0079586,Glioma,Glioma
hsa_circ_0007385,Non-small cell lung cancer,"Carcinoma, Non-Small-Cell Lung"
hsa_circ_0075686,Glioma,Glioma
hsa_circ_0000936,Gastric cancer,Stomach Neoplasms
hsa_circ_0026134,Non-small cell lung cancer,"Carcinoma, Non-Small-Cell Lung"
hsa_circ_0025033,Lung cancer,Lung Neoplasms
hsa_circ_0080145,Chronic myeloid leukemia,"Leukemia, Myelogenous, Chronic, BCR-ABL Positive"
hsa_circ_0048677,Hepatocellular carcinoma,"Carcinoma, Hepatocellular"
hsa_circ_0009910,Ovarian cancer,Ovarian Neoplasms
hsa_circ_0111277,Preeclampsia,Pre-Eclampsia
hsa_circ_0004018,Liver fibrosis,Liver Cirrhosis
hsa_circ_0004339,Gastric cancer,Stomach Neoplasms
hsa_circ_0003949,Hepatocellular carcinoma,"Carcinoma, Hepatocellular"
hsa_circ_0074027,Non-small cell lung cancer,"Carcinoma, Non-Small-Cell Lung"
hsa_circ_0072309,Non-small cell lung cancer,"Carcinoma, Non-Small-Cell Lung"
hsa_circ_0100338,Ischemia reperfusion injury,Reperfusion Injury
hsa_circ_0008717,Lung cancer,Lung Neoplasms
hsa_circ_0008717,Rectal cancer,Rectal Neoplasms
hsa_circ_0038646,Colorectal cancer,Colorectal Neoplasms
hsa_circ_0017252,Hepatocellular carcinoma,"Carcinoma, Hepatocellular"
hsa_circ_0064574,Gastric cancer,Stomach Neoplasms
hsa_circ_0101145,Hepatocellular carcinoma,"Carcinoma, Hepatocellular"
hsa_circ_0003645,Atherosclerosis,Atherosclerosis
hsa_circ_0003998,Hepatocellular carcinoma,"Carcinoma, Hepatocellular"
hsa_circ_0000284,Non-small cell lung cancer,"Carcinoma, Non-Small-Cell Lung"
hsa_circ_0027345,Hepatocellular carcinoma,"Carcinoma, Hepatocellular"
hsa_circ_0102958,Ovarian cancer,Ovarian Neoplasms
hsa_circ_0000284,Prostate cancer,Prostatic Neoplasms
hsa_circ_0025508,Hepatocellular carcinoma,"Carcinoma, Hepatocellular"
hsa_circ_0000043,Polycystic ovary syndrome,Polycystic Ovary Syndrome
hsa_circ_0003340,Esophageal cancer,Esophageal Neoplasms
hsa_circ_0005100,Prostate cancer,Prostatic Neoplasms
hsa_circ_0003506,Gastric cancer,Stomach Neoplasms
hsa_circ_0072088,Non-small cell lung cancer,"Carcinoma, Non-Small-Cell Lung"
hsa_circ_0000517,Hepatocellular carcinoma,"Carcinoma, Hepatocellular"
hsa_circ_0109320,Non-small cell lung cancer,"Carcinoma, Non-Small-Cell Lung"
hsa_circ_0078607,Ovarian cancer,Ovarian Neoplasms
hsa_circ_0004442,Renal cell carcinoma,"Carcinoma, Renal Cell"
hsa_circ_0081108,Diabetic retinopathy,Diabetic Retinopathy
hsa_circ_0000144,Gastric cancer,Stomach Neoplasms
hsa_circ_0061140,Bladder cancer,Urinary Bladder Neoplasms
hsa_circ_0002360,Colorectal cancer,Colorectal Neoplasms
hsa_circ_0043800,Hepatoblastoma,Hepatoblastoma
hsa_circ_0008928,Non-small cell lung cancer,"Carcinoma, Non-Small-Cell Lung"
hsa_circ_0003141,Hepatocellular carcinoma,"Carcinoma, Hepatocellular"
hsa_circ_0054537,Renal cell carcinoma,"Carcinoma, Renal Cell"
hsa_circ_0001742,Tongue squamous cell carcinoma,Squamous Cell Carcinoma of Head and Neck
hsa_circ_0000376,Breast cancer,Breast Neoplasms
hsa_circ_0008532,Bladder cancer,Urinary Bladder Neoplasms
hsa_circ_0007255,Bladder cancer,Urinary Bladder Neoplasms
hsa_circ_0004771,Cervical cancer,Uterine Cervical Neoplasms
hsa_circ_0000615,Nasopharyngeal cancer,Nasopharyngeal Neoplasms
hsa_circ_0000284,Asthma,Asthma
hsa_circ_0085131,Non-small cell lung cancer,"Carcinoma, Non-Small-Cell Lung"
hsa_circ_0000515,Breast cancer,Breast Neoplasms
hsa_circ_0006404,Gastric carcinoma,Stomach Neoplasms
hsa_circ_0001982,Breast cancer,Breast Neoplasms
hsa_circ_0018534,Non-small cell lung cancer,"Carcinoma, Non-Small-Cell Lung"
hsa_circ_0022812,Lung cancer,Lung Neoplasms
hsa_circ_0001982,Breast cancer,Breast Neoplasms
hsa_circ_0043265,Non-small cell lung cancer,"Carcinoma, Non-Small-Cell Lung"
hsa_circ_0007031,Osteosarcoma,Osteosarcoma
hsa_circ_0000285,Thyroid cancer,Thyroid Neoplasms
hsa_circ_0002375,Nasopharyngeal carcinoma,Nasopharyngeal Carcinoma
hsa_circ_0136666,Osteosarcoma,Osteosarcoma
hsa_circ_0001946,Cholangiocarcinoma,Cholangiocarcinoma
hsa_circ_0008285,Colorectal cancer,Colorectal Neoplasms
hsa_circ_0000284,Renal carcinoma,"Carcinoma, Renal Cell"
hsa_circ_0049613,Hepatocellular carcinoma,"Carcinoma, Hepatocellular"
hsa_circ_0039388,Essential hypertension,Essential Hypertension
hsa_circ_0001368,Pituitary adenoma,Pituitary Neoplasms
hsa_circ_0000944,Gastric cancer,Stomach Neoplasms
hsa_circ_0017639,Gastric cancer,Stomach Neoplasms
hsa_circ_0009065,Pancreatic ductal adenocarcinoma,"Carcinoma, Pancreatic Ductal"
hsa_circ_0021086,Aortic valve calcification,Aortic Valve
hsa_circ_0002018,Breast cancer,Breast Neoplasms
hsa_circ_0007158,Intervertebral disc degeneration,Intervertebral Disc Degeneration
hsa_circ_0086375,Pancreatic cancer,Pancreatic Neoplasms
hsa_circ_0005114,Glioma,Glioma
hsa_circ_0014235,Lung cancer,Lung Neoplasms
hsa_circ_0001829,Gastric cancer,Stomach Neoplasms
hsa_circ_0001900,Colorectal cancer,Colorectal Neoplasms
hsa_circ_0001178,Colorectal cancer,Colorectal Neoplasms
hsa_circ_0001766,Oral squamous cell carcinoma,Squamous Cell Carcinoma of Head and Neck
hsa_circ_0007121,Preeclampsia,Pre-Eclampsia
hsa_circ_0000714,Ovarian cancer,Ovarian Neoplasms
hsa_circ_0044516,Gastric cancer,Stomach Neoplasms
hsa_circ_0000735,Bladder cancer,Urinary Bladder Neoplasms
hsa_circ_0005795,Basal cell carcinoma,"Carcinoma, Basal Cell"
hsa_circ_0081001,Osteosarcoma,Osteosarcoma
hsa_circ_0005273,Breast cancer,Breast Neoplasms
hsa_circ_0030018,Glioma,Glioma
hsa_circ_0043278,Breast cancer,Breast Neoplasms
hsa_circ_0004104,Gastric cancer,Stomach Neoplasms
hsa_circ_0000554,Esophageal cancer,Esophageal Neoplasms
hsa_circ_0001073,Lung cancer,Lung Neoplasms
hsa_circ_0009172,Gastric cancer,Stomach Neoplasms
hsa_circ_0007534,Osteosarcoma,Osteosarcoma
hsa_circ_0000735,Non-small cell lung cancer,"Carcinoma, Non-Small-Cell Lung"
hsa_circ_0002137,Osteosarcoma,Osteosarcoma
hsa_circ_0003489,Multiple myeloma,Multiple Myeloma
hsa_circ_0006859,Postmenopausal osteoporosis,"Osteoporosis, Postmenopausal"
hsa_circ_0054633,Type 2 diabetes mellitus,"Diabetes Mellitus, Type 2"
hsa_circ_0005397,Hepatocellular carcinoma,"Carcinoma, Hepatocellular"
hsa_circ_0002162,Tongue squamous cell carcinoma,Squamous Cell Carcinoma of Head and Neck
hsa_circ_0015326,Ovarian cancer,Ovarian Neoplasms
hsa_circ_0072309,Gastric cancer,Stomach Neoplasms
hsa_circ_0001666,Papillary thyroid carcinoma,"Thyroid Cancer, Papillary"
hsa_circ_0009035,Cervical cancer,Uterine Cervical Neoplasms
hsa_circ_0005397,Hepatocellular carcinoma,"Carcinoma, Hepatocellular"
hsa_circ_0001610,Endometrial carcinoma,Endometrial Neoplasms
hsa_circ_0078607,Ovarian cancer,Ovarian Neoplasms
hsa_circ_0003288,Hepatocellular carcinoma,"Carcinoma, Hepatocellular"
hsa_circ_0072309,Non-small cell lung cancer,"Carcinoma, Non-Small-Cell Lung"
hsa_circ_0110102,Hepatocellular carcinoma,"Carcinoma, Hepatocellular"
